{"magma": [[[0.0, 0.0, 0.0, 0.0, 0.06240624062406241, 0.12491249124912492, 0.1562156215621562, 0.18741874187418742, 0.24992499249924993, 0.37493749374937496, 0.4999499949995, 0.5624562456245624, 0.624962496249625, 0.6874687468746875, 0.74997499749975, 0.874987498749875, 0.995999599959996, 0.995999599959996, 0.995999599959996, 0.995999599959996], [0.0017574050821616176, 0.001192078304736381, 0.03126630005294191, 0.09293847096534451, 0.15087895174369054, 0.22370513471017422, 0.3463820043522372, 0.5031850572318289, 0.6761168558029788, 0.8123425012152833, 0.905186105334319, 0.96460920962426, 0.9955594640449421, 1.0002398587208046, 0.9910608253595755, 0.9872418978809177], 3], [[0.0, 0.0, 0.0, 0.0, 0.12491249124912492, 0.18741874187418742, 0.21872187218721872, 0.24992499249924993, 0.3124312431243124, 0.37493749374937496, 0.4999499949995, 0.5624562456245624, 0.624962496249625, 0.74997499749975, 0.995999599959996, 0.995999599959996, 0.995999599959996, 0.995999599959996], [0.0006774759352106129, 0.002066047596169582, 0.07761567417838708, 0.06576278744699077, 0.056687030866542726, 0.07261630221214709, 0.10885132517300755, 0.159649717909809, 0.19967226807919364, 0.2494398369739727, 0.32668667243938027, 0.6088367667512832, 0.834370541434877, 0.984225197429987], 3], [[0.0, 0.0, 0.0, 0.0, 0.031203120312031204, 0.06240624062406241, 0.12491249124912492, 0.1562156215621562, 0.18741874187418742, 0.24992499249924993, 0.3124312431243124, 0.37493749374937496, 0.4999499949995, 0.5624562456245624, 0.624962496249625, 0.6874687468746875, 0.74997499749975, 0.874987498749875, 0.995999599959996, 0.995999599959996, 0.995999599959996, 0.995999599959996], [0.012508507380979254, 0.017023355423324192, 0.061053036373523495, 0.14522118303596238, 0.24075358930942714, 0.3440079746182266, 0.44080266707494675, 0.4905470399846977, 0.5058248756389333, 0.5111691890948085, 0.4925106202663417, 0.4418329495961091, 0.38897678604315733, 0.34902397371675037, 0.38119668813113133, 0.5180093381633671, 0.6632082861921684, 0.7423920674827404], 3]], "viridis": [[[0.0, 0.0, 0.0, 0.0, 0.12491249124912492, 0.24992499249924993, 0.37493749374937496, 0.43744374437443745, 0.4999499949995, 0.5624562456245624, 0.624962496249625, 0.6874687468746875, 0.74997499749975, 0.874987498749875, 0.995999599959996, 0.995999599959996, 0.995999599959996, 0.995999599959996], [0.2658705658069185, 0.2823645304777901, 0.29229657817646015, 0.23176365855004644, 0.18053506319853954, 0.15097401285777134, 0.12689081423714887, 0.1124580934634454, 0.14451357846295643, 0.23350043652594077, 0.39785210826166345, 0.6597074890764443, 0.8875169748562239, 0.983637515191617], 3], [[0.0, 0.0, 0.0, 0.0, 0.031203120312031204, 0.06240624062406241, 0.12491249124912492, 0.24992499249924993, 0.4999499949995, 0.74997499749975, 0.874987498749875, 0.995999599959996, 0.995999599959996, 0.995999599959996, 0.995999599959996], [0.0032256039820546477, 0.009812869801552068, 0.04577909288176687, 0.10460607813470461, 0.1980698147953714, 0.37149183248546697, 0.5597495914364988, 0.764215450877858, 0.8690579293345441, 0.8913093121047004, 0.9049919663540348], 3], [[0.0, 0.0, 0.0, 0.0, 0.015601560156015602, 0.031203120312031204, 0.06240624062406241, 0.12491249124912492, 0.24992499249924993, 0.37493749374937496, 0.4999499949995, 0.624962496249625, 0.74997499749975, 0.874987498749875, 0.9061906190619062, 0.9374937493749376, 0.9686968696869688, 0.995999599959996, 0.995999599959996, 0.995999599959996, 0.995999599959996], [0.3285910798290934, 0.3302021303065998, 0.34733239690988377, 0.3783665225889711, 0.42685768031615, 0.5082817785047469, 0.5526458835169046, 0.5586440231789044, 0.5582801669145369, 0.5161723717754563, 0.40186418955810715, 0.2530928332885465, 0.14104264898470145, 0.09624914758259819, 0.09091214612512721, 0.12167051115193782, 0.1367246702492105], 3]], "gnuplot": [[[0.0, 0.0, 0.0, 0.0, 0.007800780078007801, 0.011701170117011701, 0.015601560156015602, 0.031203120312031204, 0.06240624062406241, 0.12491249124912492, 0.24992499249924993, 0.4999499949995, 0.995999599959996, 0.995999599959996, 0.995999599959996, 0.995999599959996], [-0.0002630450613500072, -0.04458147772169164, 0.06377039041155477, 0.09019898490705369, 0.12750991034124137, 0.1853362112439688, 0.2686310367381048, 0.38520728430325046, 0.5478453536936574, 0.7769584021530287, 0.9141452047351297, 0.9981572332947216], 3], [[0.0, 0.0, 0.0, 0.0, 0.995999599959996, 0.995999599959996, 0.995999599959996, 0.995999599959996], [-6.393979990108168e-06, 4.075632723267376e-05, -0.0038767286337633555, 0.9881666696753432], 3], [[0.0, 0.0, 0.0, 0.0, 0.007800780078007801, 0.015601560156015602, 0.031203120312031204, 0.06240624062406241, 0.12491249124912492, 0.18741874187418742, 0.24992499249924993, 0.3124312431243124, 0.37493749374937496, 0.43744374437443745, 0.4687468746874688, 0.4843484348434844, 0.49214921492149216, 0.49604960496049605, 0.4999499949995, 0.5077507750775078, 0.5155515551555155, 0.5311531153115312, 0.5624562456245624, 0.624962496249625, 0.74997499749975, 0.995999599959996, 0.995999599959996, 0.995999599959996, 0.995999599959996], [-0.0002999429244757343, -0.011799316175393369, 0.024791910617735235, 0.09028561673466838, 0.20470673142453358, 0.427016207604273, 0.709758971161218, 0.9400169263210273, 1.0260988189645903, 0.9547474100670298, 0.7367664360018615, 0.46108123334303613, 0.2403673260178742, 0.1269646361397253, 0.07077622568241779, 0.03529384118220489, 0.0016170775439637206, -0.0017065283612718281, 0.000654015043032973, -0.0002345272103548993, 8.711307727371816e-05, -4.25805219260489e-05, 4.059922791377215e-05, -2.36335031016772e-05, 7.487787008496368e-06], 3]],